5.100000000000000000e+01,7.200000000000000000e+01,7.083333333333334281e+01
5.100000000000000000e+01,9.330000000000000000e+02,5.466237942122186944e+00
8.700000000000000000e+01,7.570000000000000000e+02,1.149273447820343463e+01
4.400000000000000000e+01,9.110000000000000000e+02,4.829857299670691440e+00
5.000000000000000000e+01,2.990000000000000000e+02,1.672240802675585414e+01
9.300000000000000000e+01,9.370000000000000000e+02,9.925293489861259033e+00
4.100000000000000000e+01,1.300000000000000000e+02,3.153846153846153655e+01
7.100000000000000000e+01,6.680000000000000000e+02,1.062874251497006028e+01
3.500000000000000000e+01,6.300000000000000000e+02,5.555555555555555358e+00
1.600000000000000000e+01,3.300000000000000000e+01,4.848484848484848442e+01
3.000000000000000000e+00,9.440000000000000000e+02,3.177966101694915668e-01
6.500000000000000000e+01,3.930000000000000000e+02,1.653944020356234290e+01
7.200000000000000000e+01,8.630000000000000000e+02,8.342989571263036197e+00
2.400000000000000000e+01,2.760000000000000000e+02,8.695652173913043015e+00
3.000000000000000000e+01,3.820000000000000000e+02,7.853403141361256168e+00
3.000000000000000000e+01,2.650000000000000000e+02,1.132075471698113311e+01
1.300000000000000000e+01,9.400000000000000000e+01,1.382978723404255383e+01
2.600000000000000000e+01,1.790000000000000000e+02,1.452513966480447039e+01
5.600000000000000000e+01,3.390000000000000000e+02,1.651917404129793354e+01
3.000000000000000000e+00,7.200000000000000000e+01,4.166666666666666075e+00
4.300000000000000000e+01,8.970000000000000000e+02,4.793756967670010916e+00
3.000000000000000000e+01,7.620000000000000000e+02,3.937007874015748143e+00
5.600000000000000000e+01,3.970000000000000000e+02,1.410579345088161318e+01
4.200000000000000000e+01,4.810000000000000000e+02,8.731808731808731849e+00
4.100000000000000000e+01,8.210000000000000000e+02,4.993909866017052224e+00
8.000000000000000000e+00,4.000000000000000000e+00,2.000000000000000000e+02
3.200000000000000000e+01,9.280000000000000000e+02,3.448275862068965303e+00
1.000000000000000000e+00,6.090000000000000000e+02,1.642036124794745422e-01
5.600000000000000000e+01,3.600000000000000000e+02,1.555555555555555536e+01
4.300000000000000000e+01,5.050000000000000000e+02,8.514851485148515309e+00
9.600000000000000000e+01,7.470000000000000000e+02,1.285140562248995799e+01
8.100000000000000000e+01,6.150000000000000000e+02,1.317073170731707421e+01
8.400000000000000000e+01,8.780000000000000000e+02,9.567198177676537796e+00
2.600000000000000000e+01,2.050000000000000000e+02,1.268292682926829329e+01
4.200000000000000000e+01,8.490000000000000000e+02,4.946996466431095030e+00
6.300000000000000000e+01,2.960000000000000000e+02,2.128378378378378244e+01
4.200000000000000000e+01,7.830000000000000000e+02,5.363984674329501878e+00
6.300000000000000000e+01,4.300000000000000000e+01,1.465116279069767415e+02
1.000000000000000000e+01,7.030000000000000000e+02,1.422475106685632928e+00
5.100000000000000000e+01,8.060000000000000000e+02,6.327543424317617848e+00
8.100000000000000000e+01,9.360000000000000000e+02,8.653846153846153300e+00
1.600000000000000000e+01,5.200000000000000000e+01,3.076923076923077005e+01
5.200000000000000000e+01,5.260000000000000000e+02,9.885931558935361352e+00
8.000000000000000000e+00,7.040000000000000000e+02,1.136363636363636465e+00
6.200000000000000000e+01,5.000000000000000000e+02,1.240000000000000036e+01
3.400000000000000000e+01,3.870000000000000000e+02,8.785529715762272929e+00
3.400000000000000000e+01,1.400000000000000000e+02,2.428571428571428470e+01
3.700000000000000000e+01,3.270000000000000000e+02,1.131498470948012169e+01
7.000000000000000000e+00,2.310000000000000000e+02,3.030303030303030276e+00
1.600000000000000000e+01,3.670000000000000000e+02,4.359673024523160301e+00
2.700000000000000000e+01,8.140000000000000000e+02,3.316953316953316744e+00
9.800000000000000000e+01,4.880000000000000000e+02,2.008196721311475486e+01
1.500000000000000000e+01,4.100000000000000000e+02,3.658536585365853355e+00
5.700000000000000000e+01,2.870000000000000000e+02,1.986062717770034780e+01
3.500000000000000000e+01,7.920000000000000000e+02,4.419191919191919560e+00
7.600000000000000000e+01,8.040000000000000000e+02,9.452736318407959359e+00
6.200000000000000000e+01,1.680000000000000000e+02,3.690476190476190510e+01
8.100000000000000000e+01,1.330000000000000000e+02,6.090225563909774564e+01
6.900000000000000000e+01,1.620000000000000000e+02,4.259259259259259522e+01
5.300000000000000000e+01,3.520000000000000000e+02,1.505681818181818166e+01
2.700000000000000000e+01,5.470000000000000000e+02,4.936014625228519748e+00
1.900000000000000000e+01,4.820000000000000000e+02,3.941908713692945820e+00
4.400000000000000000e+01,5.890000000000000000e+02,7.470288624787775333e+00
6.000000000000000000e+01,3.500000000000000000e+02,1.714285714285714235e+01
1.300000000000000000e+01,9.630000000000000000e+02,1.349948078920041539e+00
7.100000000000000000e+01,6.820000000000000000e+02,1.041055718475073277e+01
8.700000000000000000e+01,4.830000000000000000e+02,1.801242236024844701e+01
7.400000000000000000e+01,4.500000000000000000e+01,1.644444444444444287e+02
7.400000000000000000e+01,1.450000000000000000e+02,5.103448275862069039e+01
3.300000000000000000e+01,5.920000000000000000e+02,5.574324324324324564e+00
3.900000000000000000e+01,8.940000000000000000e+02,4.362416107382550479e+00
6.900000000000000000e+01,2.820000000000000000e+02,2.446808510638297918e+01
2.700000000000000000e+01,4.290000000000000000e+02,6.293706293706294197e+00
7.400000000000000000e+01,9.140000000000000000e+02,8.096280087527352620e+00
2.000000000000000000e+00,9.990000000000000000e+02,2.002002002002001846e-01
8.000000000000000000e+00,8.510000000000000000e+02,9.400705052878965962e-01
1.100000000000000000e+01,5.960000000000000000e+02,1.845637583892617561e+00
5.700000000000000000e+01,6.800000000000000000e+02,8.382352941176469230e+00
1.000000000000000000e+00,6.890000000000000000e+02,1.451378809869375841e-01
9.700000000000000000e+01,2.000000000000000000e+02,4.850000000000000000e+01
8.000000000000000000e+01,4.350000000000000000e+02,1.839080459770114828e+01
9.500000000000000000e+01,2.410000000000000000e+02,3.941908713692946264e+01
4.500000000000000000e+01,4.590000000000000000e+02,9.803921568627451677e+00
4.500000000000000000e+01,8.070000000000000000e+02,5.576208178438661456e+00
2.600000000000000000e+01,1.800000000000000000e+01,1.444444444444444287e+02
9.200000000000000000e+01,8.490000000000000000e+02,1.083627797408716198e+01
9.800000000000000000e+01,5.210000000000000000e+02,1.880998080614203616e+01
2.500000000000000000e+01,9.240000000000000000e+02,2.705627705627705382e+00
6.000000000000000000e+01,5.810000000000000000e+02,1.032702237521514554e+01
1.500000000000000000e+01,6.510000000000000000e+02,2.304147465437788256e+00
6.000000000000000000e+01,8.600000000000000000e+02,6.976744186046511587e+00
3.400000000000000000e+01,1.300000000000000000e+02,2.615384615384615685e+01
3.200000000000000000e+01,7.420000000000000000e+02,4.312668463611860403e+00
4.000000000000000000e+01,7.530000000000000000e+02,5.312084993359893481e+00
6.300000000000000000e+01,1.620000000000000000e+02,3.888888888888889284e+01
9.600000000000000000e+01,2.160000000000000000e+02,4.444444444444444287e+01
7.500000000000000000e+01,1.530000000000000000e+02,4.901960784313725128e+01
8.400000000000000000e+01,9.480000000000000000e+02,8.860759493670885334e+00
6.000000000000000000e+00,1.670000000000000000e+02,3.592814371257484929e+00
5.600000000000000000e+01,6.390000000000000000e+02,8.763693270735524621e+00
7.400000000000000000e+01,8.920000000000000000e+02,8.295964125560537639e+00
2.700000000000000000e+01,7.370000000000000000e+02,3.663500678426051316e+00
1.300000000000000000e+01,8.140000000000000000e+02,1.597051597051597049e+00
8.200000000000000000e+01,1.230000000000000000e+02,6.666666666666665719e+01
3.800000000000000000e+01,4.590000000000000000e+02,8.278867102396514355e+00
6.400000000000000000e+01,4.910000000000000000e+02,1.303462321792260603e+01
6.900000000000000000e+01,3.670000000000000000e+02,1.880108991825613174e+01
6.000000000000000000e+00,1.510000000000000000e+02,3.973509933774834746e+00
4.800000000000000000e+01,4.880000000000000000e+02,9.836065573770492065e+00
5.500000000000000000e+01,7.990000000000000000e+02,6.883604505632040294e+00
6.100000000000000000e+01,7.180000000000000000e+02,8.495821727019498226e+00
1.000000000000000000e+00,7.240000000000000000e+02,1.381215469613259472e-01
4.700000000000000000e+01,7.570000000000000000e+02,6.208718626155878439e+00
9.600000000000000000e+01,3.650000000000000000e+02,2.630136986301369717e+01
2.700000000000000000e+01,1.600000000000000000e+01,1.687500000000000000e+02
4.400000000000000000e+01,4.460000000000000000e+02,9.865470852017937275e+00
6.800000000000000000e+01,6.610000000000000000e+02,1.028744326777609785e+01
9.000000000000000000e+00,2.600000000000000000e+02,3.461538461538461675e+00
4.800000000000000000e+01,7.200000000000000000e+01,6.666666666666665719e+01
3.300000000000000000e+01,7.900000000000000000e+01,4.177215189873417955e+01
7.000000000000000000e+00,2.670000000000000000e+02,2.621722846441947752e+00
1.300000000000000000e+01,8.000000000000000000e+02,1.625000000000000000e+00
3.600000000000000000e+01,2.460000000000000000e+02,1.463414634146341342e+01
7.000000000000000000e+01,2.020000000000000000e+02,3.465346534653465227e+01
7.300000000000000000e+01,8.320000000000000000e+02,8.774038461538461675e+00
2.100000000000000000e+01,4.040000000000000000e+02,5.198019801980198196e+00
2.200000000000000000e+01,1.500000000000000000e+02,1.466666666666666607e+01
9.000000000000000000e+00,4.800000000000000000e+01,1.875000000000000000e+01
7.600000000000000000e+01,7.240000000000000000e+02,1.049723756906077377e+01
6.700000000000000000e+01,2.750000000000000000e+02,2.436363636363636331e+01
7.000000000000000000e+00,4.920000000000000000e+02,1.422764227642276280e+00
1.300000000000000000e+01,7.330000000000000000e+02,1.773533424283765481e+00
4.100000000000000000e+01,8.960000000000000000e+02,4.575892857142856762e+00
4.700000000000000000e+01,8.080000000000000000e+02,5.816831683168317113e+00
6.200000000000000000e+01,4.480000000000000000e+02,1.383928571428571530e+01
6.200000000000000000e+01,3.780000000000000000e+02,1.640211640211640187e+01
2.000000000000000000e+00,9.580000000000000000e+02,2.087682672233820147e-01
1.800000000000000000e+01,8.830000000000000000e+02,2.038505096262740679e+00
5.600000000000000000e+01,7.310000000000000000e+02,7.660738714090287615e+00
3.900000000000000000e+01,9.890000000000000000e+02,3.943377148634984675e+00
4.000000000000000000e+01,2.730000000000000000e+02,1.465201465201465325e+01
1.200000000000000000e+01,3.310000000000000000e+02,3.625377643504532177e+00
3.000000000000000000e+01,8.790000000000000000e+02,3.412969283276450660e+00
1.400000000000000000e+01,6.700000000000000000e+02,2.089552238805970408e+00
9.100000000000000000e+01,5.790000000000000000e+02,1.571675302245250450e+01
3.300000000000000000e+01,2.410000000000000000e+02,1.369294605809128740e+01
1.000000000000000000e+01,6.000000000000000000e+02,1.666666666666666741e+00
3.700000000000000000e+01,3.010000000000000000e+02,1.229235880398671021e+01
7.900000000000000000e+01,6.160000000000000000e+02,1.282467532467532401e+01
1.100000000000000000e+01,4.790000000000000000e+02,2.296450939457202356e+00
3.900000000000000000e+01,4.000000000000000000e+00,9.750000000000000000e+02
1.200000000000000000e+01,4.090000000000000000e+02,2.933985330073349829e+00
6.000000000000000000e+01,3.340000000000000000e+02,1.796407185628742553e+01
6.600000000000000000e+01,7.890000000000000000e+02,8.365019011406843674e+00
9.800000000000000000e+01,9.850000000000000000e+02,9.949238578680203560e+00
9.000000000000000000e+00,1.900000000000000000e+02,4.736842105263158409e+00
3.900000000000000000e+01,7.120000000000000000e+02,5.477528089887640839e+00
9.300000000000000000e+01,7.440000000000000000e+02,1.250000000000000000e+01
7.800000000000000000e+01,6.500000000000000000e+01,1.200000000000000000e+02
8.700000000000000000e+01,9.960000000000000000e+02,8.734939759036144835e+00
2.000000000000000000e+00,7.510000000000000000e+02,2.663115845539281157e-01
2.500000000000000000e+01,1.170000000000000000e+02,2.136752136752136622e+01
6.600000000000000000e+01,9.080000000000000000e+02,7.268722466960351625e+00
8.800000000000000000e+01,4.140000000000000000e+02,2.125603864734299364e+01
1.000000000000000000e+00,5.510000000000000000e+02,1.814882032667876621e-01
8.100000000000000000e+01,2.390000000000000000e+02,3.389121338912134007e+01
6.000000000000000000e+01,1.750000000000000000e+02,3.428571428571428470e+01
3.900000000000000000e+01,6.100000000000000000e+02,6.393442622950819221e+00
8.300000000000000000e+01,3.640000000000000000e+02,2.280219780219780290e+01
8.400000000000000000e+01,3.230000000000000000e+02,2.600619195046439813e+01
2.200000000000000000e+01,1.490000000000000000e+02,1.476510067114094049e+01
6.900000000000000000e+01,7.190000000000000000e+02,9.596662030598054116e+00
4.400000000000000000e+01,2.400000000000000000e+02,1.833333333333333215e+01
9.800000000000000000e+01,7.190000000000000000e+02,1.363004172461752539e+01
1.600000000000000000e+01,7.450000000000000000e+02,2.147651006711409405e+00
9.200000000000000000e+01,2.210000000000000000e+02,4.162895927601810087e+01
4.000000000000000000e+00,5.850000000000000000e+02,6.837606837606837740e-01
4.600000000000000000e+01,1.700000000000000000e+01,2.705882352941176805e+02
4.400000000000000000e+01,4.700000000000000000e+02,9.361702127659574657e+00
4.900000000000000000e+01,6.090000000000000000e+02,8.045977011494253262e+00
4.100000000000000000e+01,5.710000000000000000e+02,7.180385288966724566e+00
6.700000000000000000e+01,9.850000000000000000e+02,6.802030456852792284e+00
1.400000000000000000e+01,3.320000000000000000e+02,4.216867469879518104e+00
2.900000000000000000e+01,4.650000000000000000e+02,6.236559139784946026e+00
3.800000000000000000e+01,9.170000000000000000e+02,4.143947655398037000e+00
5.000000000000000000e+00,4.360000000000000000e+02,1.146788990825688082e+00
7.400000000000000000e+01,3.660000000000000000e+02,2.021857923497267961e+01
6.800000000000000000e+01,6.100000000000000000e+02,1.114754098360655732e+01
4.500000000000000000e+01,8.530000000000000000e+02,5.275498241500586438e+00
9.500000000000000000e+01,9.800000000000000000e+02,9.693877551020408490e+00
2.700000000000000000e+01,6.640000000000000000e+02,4.066265060240963791e+00
2.900000000000000000e+01,7.030000000000000000e+02,4.125177809388335781e+00
1.700000000000000000e+01,4.560000000000000000e+02,3.728070175438596312e+00
8.000000000000000000e+01,4.710000000000000000e+02,1.698513800424628428e+01
3.000000000000000000e+01,2.460000000000000000e+02,1.219512195121951237e+01
6.800000000000000000e+01,1.100000000000000000e+02,6.181818181818181301e+01
3.700000000000000000e+01,1.640000000000000000e+02,2.256097560975609895e+01
7.300000000000000000e+01,8.010000000000000000e+02,9.113607990012484450e+00
2.300000000000000000e+01,9.870000000000000000e+02,2.330293819655521848e+00
9.700000000000000000e+01,4.760000000000000000e+02,2.037815126050420034e+01
1.300000000000000000e+01,7.270000000000000000e+02,1.788170563961485549e+00
4.400000000000000000e+01,7.540000000000000000e+02,5.835543766578249247e+00
7.100000000000000000e+01,1.620000000000000000e+02,4.382716049382715795e+01
5.000000000000000000e+01,1.880000000000000000e+02,2.659574468085106247e+01
8.700000000000000000e+01,2.940000000000000000e+02,2.959183673469387799e+01
7.400000000000000000e+01,8.880000000000000000e+02,8.333333333333332149e+00
1.800000000000000000e+01,1.110000000000000000e+02,1.621621621621621756e+01
4.300000000000000000e+01,4.310000000000000000e+02,9.976798143851507206e+00
6.300000000000000000e+01,6.760000000000000000e+02,9.319526627218936099e+00
9.700000000000000000e+01,8.360000000000000000e+02,1.160287081339712856e+01
4.000000000000000000e+01,2.820000000000000000e+02,1.418439716312056831e+01
4.000000000000000000e+01,7.750000000000000000e+02,5.161290322580645018e+00
8.200000000000000000e+01,5.410000000000000000e+02,1.515711645101663585e+01
4.300000000000000000e+01,2.560000000000000000e+02,1.679687500000000000e+01
2.400000000000000000e+01,6.020000000000000000e+02,3.986710963455149415e+00
2.000000000000000000e+01,9.270000000000000000e+02,2.157497303128371069e+00
3.100000000000000000e+01,3.060000000000000000e+02,1.013071895424836555e+01
4.000000000000000000e+00,6.630000000000000000e+02,6.033182503770739835e-01
2.300000000000000000e+01,9.300000000000000000e+01,2.473118279569892408e+01
1.900000000000000000e+01,9.270000000000000000e+02,2.049622437971952760e+00
1.200000000000000000e+01,3.050000000000000000e+02,3.934426229508197093e+00
8.500000000000000000e+01,2.290000000000000000e+02,3.711790393013099987e+01
1.400000000000000000e+01,9.610000000000000000e+02,1.456815816857440105e+00
4.800000000000000000e+01,9.180000000000000000e+02,5.228758169934640598e+00
8.900000000000000000e+01,8.880000000000000000e+02,1.002252252252252340e+01
1.800000000000000000e+01,5.010000000000000000e+02,3.592814371257484929e+00
4.600000000000000000e+01,5.610000000000000000e+02,8.199643493761140434e+00
4.000000000000000000e+01,2.720000000000000000e+02,1.470588235294117752e+01
8.100000000000000000e+01,2.390000000000000000e+02,3.389121338912134007e+01
5.100000000000000000e+01,5.630000000000000000e+02,9.058614564831261262e+00
9.000000000000000000e+00,8.800000000000000000e+01,1.022727272727272840e+01
7.000000000000000000e+01,2.040000000000000000e+02,3.431372549019607732e+01
4.800000000000000000e+01,7.550000000000000000e+02,6.357615894039734705e+00
2.400000000000000000e+01,1.780000000000000000e+02,1.348314606741572952e+01
1.000000000000000000e+02,6.930000000000000000e+02,1.443001443001442929e+01
2.300000000000000000e+01,9.860000000000000000e+02,2.332657200811358855e+00
2.400000000000000000e+01,1.710000000000000000e+02,1.403508771929824483e+01
6.700000000000000000e+01,9.250000000000000000e+02,7.243243243243242979e+00
9.000000000000000000e+00,8.550000000000000000e+02,1.052631578947368363e+00
8.700000000000000000e+01,6.980000000000000000e+02,1.246418338108882473e+01
7.600000000000000000e+01,3.830000000000000000e+02,1.984334203655352269e+01
3.400000000000000000e+01,1.250000000000000000e+02,2.720000000000000284e+01
5.700000000000000000e+01,5.560000000000000000e+02,1.025179856115107846e+01
7.900000000000000000e+01,8.860000000000000000e+02,8.916478555304740539e+00
8.700000000000000000e+01,8.830000000000000000e+02,9.852774631936579652e+00
8.000000000000000000e+01,7.790000000000000000e+02,1.026957637997432649e+01
4.400000000000000000e+01,6.220000000000000000e+02,7.073954983922829953e+00
1.700000000000000000e+01,7.800000000000000000e+01,2.179487179487179560e+01
7.900000000000000000e+01,7.600000000000000000e+01,1.039473684210526301e+02
9.600000000000000000e+01,5.160000000000000000e+02,1.860465116279069875e+01
8.800000000000000000e+01,2.610000000000000000e+02,3.371647509578544089e+01
6.000000000000000000e+01,3.830000000000000000e+02,1.566579634464751969e+01
8.200000000000000000e+01,1.010000000000000000e+02,8.118811881188119628e+01
7.100000000000000000e+01,6.080000000000000000e+02,1.167763157894736814e+01
3.400000000000000000e+01,3.070000000000000000e+02,1.107491856677524389e+01
1.600000000000000000e+01,1.550000000000000000e+02,1.032258064516129004e+01
6.000000000000000000e+00,5.180000000000000000e+02,1.158301158301158207e+00
7.200000000000000000e+01,3.690000000000000000e+02,1.951219512195121908e+01
5.900000000000000000e+01,5.220000000000000000e+02,1.130268199233716508e+01
4.800000000000000000e+01,2.360000000000000000e+02,2.033898305084746028e+01
8.400000000000000000e+01,9.770000000000000000e+02,8.597748208802457270e+00
6.000000000000000000e+01,3.150000000000000000e+02,1.904761904761904745e+01
6.100000000000000000e+01,9.280000000000000000e+02,6.573275862068965303e+00
5.900000000000000000e+01,3.440000000000000000e+02,1.715116279069767558e+01
6.600000000000000000e+01,7.720000000000000000e+02,8.549222797927461315e+00
6.300000000000000000e+01,1.200000000000000000e+02,5.250000000000000000e+01
8.900000000000000000e+01,5.860000000000000000e+02,1.518771331058020557e+01
8.200000000000000000e+01,7.250000000000000000e+02,1.131034482758620641e+01
5.900000000000000000e+01,8.630000000000000000e+02,6.836616454229432982e+00
7.300000000000000000e+01,3.720000000000000000e+02,1.962365591397849229e+01
9.100000000000000000e+01,3.860000000000000000e+02,2.357512953367875852e+01
3.000000000000000000e+01,8.350000000000000000e+02,3.592814371257484929e+00
2.800000000000000000e+01,3.120000000000000000e+02,8.974358974358974450e+00
4.200000000000000000e+01,6.530000000000000000e+02,6.431852986217458046e+00
9.300000000000000000e+01,9.050000000000000000e+02,1.027624309392265189e+01
7.600000000000000000e+01,7.840000000000000000e+02,9.693877551020408490e+00
2.900000000000000000e+01,2.350000000000000000e+02,1.234042553191489411e+01
6.800000000000000000e+01,7.380000000000000000e+02,9.214092140921408713e+00
9.400000000000000000e+01,6.720000000000000000e+02,1.398809523809523903e+01
7.600000000000000000e+01,7.080000000000000000e+02,1.073446327683615742e+01
2.700000000000000000e+01,6.300000000000000000e+02,4.285714285714285587e+00
3.700000000000000000e+01,8.070000000000000000e+02,4.584882280049566106e+00
5.000000000000000000e+00,5.640000000000000000e+02,8.865248226950355193e-01
9.000000000000000000e+01,2.610000000000000000e+02,3.448275862068965836e+01
8.800000000000000000e+01,7.350000000000000000e+02,1.197278911564625759e+01
5.000000000000000000e+00,4.950000000000000000e+02,1.010101010101010166e+00
4.100000000000000000e+01,1.330000000000000000e+02,3.082706766917292995e+01
1.800000000000000000e+01,5.720000000000000000e+02,3.146853146853147098e+00
9.100000000000000000e+01,3.380000000000000000e+02,2.692307692307692335e+01
9.100000000000000000e+01,7.690000000000000000e+02,1.183355006501950690e+01
7.700000000000000000e+01,4.730000000000000000e+02,1.627906976744186096e+01
4.100000000000000000e+01,7.100000000000000000e+02,5.774647887323943962e+00
8.600000000000000000e+01,7.770000000000000000e+02,1.106821106821106859e+01
9.100000000000000000e+01,8.300000000000000000e+02,1.096385542168674654e+01
5.000000000000000000e+01,4.600000000000000000e+02,1.086956521739130466e+01
1.300000000000000000e+01,5.630000000000000000e+02,2.309058614564831302e+00
4.900000000000000000e+01,9.420000000000000000e+02,5.201698513800424806e+00
2.100000000000000000e+01,9.400000000000000000e+02,2.234042553191489588e+00
9.600000000000000000e+01,2.150000000000000000e+02,4.465116279069767558e+01
7.600000000000000000e+01,8.670000000000000000e+02,8.765859284890426650e+00
5.800000000000000000e+01,1.710000000000000000e+02,3.391812865497075791e+01
6.400000000000000000e+01,5.570000000000000000e+02,1.149012567324955114e+01
2.500000000000000000e+01,9.860000000000000000e+02,2.535496957403651219e+00
8.400000000000000000e+01,3.890000000000000000e+02,2.159383033419022979e+01
6.100000000000000000e+01,3.380000000000000000e+02,1.804733727810651089e+01
2.100000000000000000e+01,9.400000000000000000e+01,2.234042553191489233e+01
2.500000000000000000e+01,2.810000000000000000e+02,8.896797153024911253e+00
6.500000000000000000e+01,9.130000000000000000e+02,7.119386637458926970e+00
6.100000000000000000e+01,4.550000000000000000e+02,1.340659340659340693e+01
2.600000000000000000e+01,5.040000000000000000e+02,5.158730158730158166e+00
2.300000000000000000e+01,6.660000000000000000e+02,3.453453453453453115e+00
1.500000000000000000e+01,3.370000000000000000e+02,4.451038575667656261e+00
5.000000000000000000e+01,4.100000000000000000e+02,1.219512195121951237e+01
3.000000000000000000e+01,6.500000000000000000e+01,4.615384615384615330e+01
4.200000000000000000e+01,5.190000000000000000e+02,8.092485549132948819e+00
9.200000000000000000e+01,1.390000000000000000e+02,6.618705035971223083e+01
6.500000000000000000e+01,8.700000000000000000e+01,7.471264367816091578e+01
3.600000000000000000e+01,8.040000000000000000e+02,4.477611940298507065e+00
9.200000000000000000e+01,7.480000000000000000e+02,1.229946524064171243e+01
4.800000000000000000e+01,8.350000000000000000e+02,5.748502994011976064e+00
3.500000000000000000e+01,4.930000000000000000e+02,7.099391480730223414e+00
2.500000000000000000e+01,4.880000000000000000e+02,5.122950819672131395e+00
3.100000000000000000e+01,6.170000000000000000e+02,5.024311183144246407e+00
5.600000000000000000e+01,7.370000000000000000e+02,7.598371777476255140e+00
6.500000000000000000e+01,8.200000000000000000e+02,7.926829268292682862e+00
1.000000000000000000e+01,2.500000000000000000e+01,4.000000000000000000e+01
5.400000000000000000e+01,1.220000000000000000e+02,4.426229508196720985e+01
1.000000000000000000e+00,1.720000000000000000e+02,5.813953488372093359e-01
4.200000000000000000e+01,2.230000000000000000e+02,1.883408071748878854e+01
7.600000000000000000e+01,4.830000000000000000e+02,1.573498964803312639e+01
2.400000000000000000e+01,9.000000000000000000e+02,2.666666666666666963e+00
2.000000000000000000e+00,4.000000000000000000e+00,5.000000000000000000e+01
2.100000000000000000e+01,2.990000000000000000e+02,7.023411371237457956e+00
1.000000000000000000e+02,9.480000000000000000e+02,1.054852320675105481e+01
9.200000000000000000e+01,1.160000000000000000e+02,7.931034482758620641e+01
2.100000000000000000e+01,9.500000000000000000e+01,2.210526315789473628e+01
3.400000000000000000e+01,3.340000000000000000e+02,1.017964071856287411e+01
7.000000000000000000e+00,3.020000000000000000e+02,2.317880794701986602e+00
6.900000000000000000e+01,8.880000000000000000e+02,7.770270270270270174e+00
2.400000000000000000e+01,2.240000000000000000e+02,1.071428571428571352e+01
7.000000000000000000e+01,2.300000000000000000e+02,3.043478260869565588e+01
1.900000000000000000e+01,7.700000000000000000e+02,2.467532467532467688e+00
2.800000000000000000e+01,2.660000000000000000e+02,1.052631578947368318e+01
6.000000000000000000e+01,2.010000000000000000e+02,2.985074626865671377e+01
8.500000000000000000e+01,8.070000000000000000e+02,1.053283767038413821e+01
8.900000000000000000e+01,7.800000000000000000e+02,1.141025641025641058e+01
9.900000000000000000e+01,9.750000000000000000e+02,1.015384615384615330e+01
4.300000000000000000e+01,7.740000000000000000e+02,5.555555555555555358e+00
3.700000000000000000e+01,7.340000000000000000e+02,5.040871934604904681e+00
6.900000000000000000e+01,1.810000000000000000e+02,3.812154696132596854e+01
8.800000000000000000e+01,3.970000000000000000e+02,2.216624685138539164e+01
8.300000000000000000e+01,2.890000000000000000e+02,2.871972318339100383e+01
1.600000000000000000e+01,6.750000000000000000e+02,2.370370370370370239e+00
6.000000000000000000e+00,6.710000000000000000e+02,8.941877794336811069e-01
5.700000000000000000e+01,6.440000000000000000e+02,8.850931677018634147e+00
1.300000000000000000e+01,4.350000000000000000e+02,2.988505747126436685e+00
4.100000000000000000e+01,6.910000000000000000e+02,5.933429811866859360e+00
7.500000000000000000e+01,4.840000000000000000e+02,1.549586776859504234e+01
3.800000000000000000e+01,2.100000000000000000e+01,1.809523809523809632e+02
9.100000000000000000e+01,5.670000000000000000e+02,1.604938271604938294e+01
7.000000000000000000e+01,8.270000000000000000e+02,8.464328899637242998e+00
4.400000000000000000e+01,7.190000000000000000e+02,6.119610570236440061e+00
1.800000000000000000e+01,9.450000000000000000e+02,1.904761904761904878e+00
2.400000000000000000e+01,1.950000000000000000e+02,1.230769230769230838e+01
6.400000000000000000e+01,3.400000000000000000e+01,1.882352941176470438e+02
6.900000000000000000e+01,1.210000000000000000e+02,5.702479338842974954e+01
1.300000000000000000e+01,7.980000000000000000e+02,1.629072681704260450e+00
3.300000000000000000e+01,6.150000000000000000e+02,5.365853658536585691e+00
8.800000000000000000e+01,4.660000000000000000e+02,1.888412017167382118e+01
6.700000000000000000e+01,4.530000000000000000e+02,1.479028697571743933e+01
2.600000000000000000e+01,8.900000000000000000e+02,2.921348314606741603e+00
7.400000000000000000e+01,1.030000000000000000e+02,7.184466019417476446e+01
9.200000000000000000e+01,9.090000000000000000e+02,1.012101210121012151e+01
7.000000000000000000e+01,4.000000000000000000e+02,1.750000000000000000e+01
4.600000000000000000e+01,9.100000000000000000e+01,5.054945054945054750e+01
2.900000000000000000e+01,2.680000000000000000e+02,1.082089552238805830e+01
9.600000000000000000e+01,8.100000000000000000e+02,1.185185185185185297e+01
8.600000000000000000e+01,2.800000000000000000e+01,3.071428571428571672e+02
6.000000000000000000e+01,2.290000000000000000e+02,2.620087336244541376e+01
3.000000000000000000e+00,3.380000000000000000e+02,8.875739644970414011e-01
1.000000000000000000e+01,3.210000000000000000e+02,3.115264797507788064e+00
1.000000000000000000e+01,5.110000000000000000e+02,1.956947162426614373e+00
8.200000000000000000e+01,8.510000000000000000e+02,9.635722679200940277e+00
9.200000000000000000e+01,1.320000000000000000e+02,6.969696969696970257e+01
5.100000000000000000e+01,8.200000000000000000e+01,6.219512195121951237e+01
6.000000000000000000e+00,2.860000000000000000e+02,2.097902097902097918e+00
3.200000000000000000e+01,3.160000000000000000e+02,1.012658227848101333e+01
4.000000000000000000e+00,5.250000000000000000e+02,7.619047619047618625e-01
4.900000000000000000e+01,4.160000000000000000e+02,1.177884615384615330e+01
1.000000000000000000e+00,1.260000000000000000e+02,7.936507936507936067e-01
8.000000000000000000e+00,3.890000000000000000e+02,2.056555269922879070e+00
6.100000000000000000e+01,2.860000000000000000e+02,2.132867132867132653e+01
7.500000000000000000e+01,2.990000000000000000e+02,2.508361204013377943e+01
1.900000000000000000e+01,4.990000000000000000e+02,3.807615230460922096e+00
5.600000000000000000e+01,3.390000000000000000e+02,1.651917404129793354e+01
5.300000000000000000e+01,3.860000000000000000e+02,1.373056994818652754e+01
8.200000000000000000e+01,5.000000000000000000e+01,1.640000000000000000e+02
6.900000000000000000e+01,3.400000000000000000e+01,2.029411764705882320e+02
1.200000000000000000e+01,5.880000000000000000e+02,2.040816326530612290e+00
1.000000000000000000e+02,2.260000000000000000e+02,4.424778761061946852e+01
1.300000000000000000e+01,7.680000000000000000e+02,1.692708333333333259e+00
5.300000000000000000e+01,7.910000000000000000e+02,6.700379266750948304e+00
4.500000000000000000e+01,5.980000000000000000e+02,7.525083612040134540e+00
6.500000000000000000e+01,7.510000000000000000e+02,8.655126498002662316e+00
1.000000000000000000e+00,5.870000000000000000e+02,1.703577512776831282e-01
8.200000000000000000e+01,8.300000000000000000e+02,9.879518072289156905e+00
7.200000000000000000e+01,8.070000000000000000e+02,8.921933085501859040e+00
3.100000000000000000e+01,1.930000000000000000e+02,1.606217616580310903e+01
9.300000000000000000e+01,6.710000000000000000e+02,1.385991058122205644e+01
1.000000000000000000e+01,4.190000000000000000e+02,2.386634844868734895e+00
5.500000000000000000e+01,6.710000000000000000e+02,8.196721311475409166e+00
2.700000000000000000e+01,4.570000000000000000e+02,5.908096280087527852e+00
5.900000000000000000e+01,1.800000000000000000e+02,3.277777777777777857e+01
1.000000000000000000e+00,1.870000000000000000e+02,5.347593582887699704e-01
5.200000000000000000e+01,4.110000000000000000e+02,1.265206812652068180e+01
4.000000000000000000e+00,3.040000000000000000e+02,1.315789473684210398e+00
3.300000000000000000e+01,1.000000000000000000e+02,3.300000000000000000e+01
1.800000000000000000e+01,5.900000000000000000e+02,3.050847457627118953e+00
5.400000000000000000e+01,9.460000000000000000e+02,5.708245243128963864e+00
6.600000000000000000e+01,5.890000000000000000e+02,1.120543293718166389e+01
8.100000000000000000e+01,5.390000000000000000e+02,1.502782931354360052e+01
6.400000000000000000e+01,9.590000000000000000e+02,6.673618352450469082e+00
5.400000000000000000e+01,2.670000000000000000e+02,2.022471910112359339e+01
8.000000000000000000e+01,7.120000000000000000e+02,1.123595505617977430e+01
1.200000000000000000e+01,4.060000000000000000e+02,2.955665024630541815e+00
3.600000000000000000e+01,6.200000000000000000e+01,5.806451612903226334e+01
6.100000000000000000e+01,3.700000000000000000e+02,1.648648648648648773e+01
5.500000000000000000e+01,2.990000000000000000e+02,1.839464882943143564e+01
2.400000000000000000e+01,1.670000000000000000e+02,1.437125748502993972e+01
9.300000000000000000e+01,4.720000000000000000e+02,1.970338983050847403e+01
7.300000000000000000e+01,1.960000000000000000e+02,3.724489795918367463e+01
4.100000000000000000e+01,9.740000000000000000e+02,4.209445585215605412e+00
7.200000000000000000e+01,9.850000000000000000e+02,7.309644670050762016e+00
6.600000000000000000e+01,9.910000000000000000e+02,6.659939455095862826e+00
1.100000000000000000e+01,6.420000000000000000e+02,1.713395638629283235e+00
6.100000000000000000e+01,1.660000000000000000e+02,3.674698795180722755e+01
6.700000000000000000e+01,5.730000000000000000e+02,1.169284467713787024e+01
9.100000000000000000e+01,6.400000000000000000e+01,1.421875000000000000e+02
3.600000000000000000e+01,1.280000000000000000e+02,2.812500000000000000e+01
5.100000000000000000e+01,1.500000000000000000e+01,3.400000000000000000e+02
8.000000000000000000e+00,5.670000000000000000e+02,1.410934744268077523e+00
5.400000000000000000e+01,4.150000000000000000e+02,1.301204819277108271e+01
4.200000000000000000e+01,4.180000000000000000e+02,1.004784688995215269e+01
2.100000000000000000e+01,1.600000000000000000e+02,1.312500000000000000e+01
2.800000000000000000e+01,6.040000000000000000e+02,4.635761589403973204e+00
7.200000000000000000e+01,9.300000000000000000e+01,7.741935483870967971e+01
8.800000000000000000e+01,7.710000000000000000e+02,1.141374837872892378e+01
4.700000000000000000e+01,3.650000000000000000e+02,1.287671232876712324e+01
9.900000000000000000e+01,1.070000000000000000e+02,9.252336448598130403e+01
8.400000000000000000e+01,5.870000000000000000e+02,1.431005110732538377e+01
2.100000000000000000e+01,3.860000000000000000e+02,5.440414507772020514e+00
1.000000000000000000e+00,2.480000000000000000e+02,4.032258064516128782e-01
1.300000000000000000e+01,4.280000000000000000e+02,3.037383177570093462e+00
3.200000000000000000e+01,7.500000000000000000e+02,4.266666666666666607e+00
9.800000000000000000e+01,3.080000000000000000e+02,3.181818181818181657e+01
8.100000000000000000e+01,4.890000000000000000e+02,1.656441717791410895e+01
5.400000000000000000e+01,4.830000000000000000e+02,1.118012422360248515e+01
1.100000000000000000e+01,3.700000000000000000e+01,2.972972972972972983e+01
1.800000000000000000e+01,1.770000000000000000e+02,1.016949152542373014e+01
6.700000000000000000e+01,5.200000000000000000e+01,1.288461538461538680e+02
8.800000000000000000e+01,2.780000000000000000e+02,3.165467625899280435e+01
3.400000000000000000e+01,7.840000000000000000e+02,4.336734693877550839e+00
6.800000000000000000e+01,1.190000000000000000e+02,5.714285714285713880e+01
3.200000000000000000e+01,5.490000000000000000e+02,5.828779599271402212e+00
6.800000000000000000e+01,9.560000000000000000e+02,7.112970711297071702e+00
8.100000000000000000e+01,9.910000000000000000e+02,8.173562058526741225e+00
2.200000000000000000e+01,8.560000000000000000e+02,2.570093457943924964e+00
5.200000000000000000e+01,8.290000000000000000e+02,6.272617611580217023e+00
3.900000000000000000e+01,5.480000000000000000e+02,7.116788321167883069e+00
2.000000000000000000e+00,3.270000000000000000e+02,6.116207951070335991e-01
2.600000000000000000e+01,7.520000000000000000e+02,3.457446808510638459e+00
7.000000000000000000e+00,9.400000000000000000e+01,7.446808510638297740e+00
7.200000000000000000e+01,7.680000000000000000e+02,9.375000000000000000e+00
8.200000000000000000e+01,1.010000000000000000e+02,8.118811881188119628e+01
8.800000000000000000e+01,2.410000000000000000e+02,3.651452282157676166e+01
2.000000000000000000e+00,7.790000000000000000e+02,2.567394094993581399e-01
6.700000000000000000e+01,2.980000000000000000e+02,2.248322147651006730e+01
8.800000000000000000e+01,5.010000000000000000e+02,1.756487025948104019e+01
1.300000000000000000e+01,2.920000000000000000e+02,4.452054794520547532e+00
2.700000000000000000e+01,8.490000000000000000e+02,3.180212014134275123e+00
1.500000000000000000e+01,6.200000000000000000e+01,2.419354838709677580e+01
3.500000000000000000e+01,2.890000000000000000e+02,1.211072664359861584e+01
3.700000000000000000e+01,7.660000000000000000e+02,4.830287206266318023e+00
2.500000000000000000e+01,1.160000000000000000e+02,2.155172413793103203e+01
8.400000000000000000e+01,4.340000000000000000e+02,1.935483870967741993e+01
8.700000000000000000e+01,4.540000000000000000e+02,1.916299559471365654e+01
4.500000000000000000e+01,7.220000000000000000e+02,6.232686980609418725e+00
1.900000000000000000e+01,4.370000000000000000e+02,4.347826086956521507e+00
2.800000000000000000e+01,7.030000000000000000e+02,3.982930298719772111e+00
2.800000000000000000e+01,9.630000000000000000e+02,2.907580477673935793e+00
2.100000000000000000e+01,2.370000000000000000e+02,8.860759493670885334e+00
3.400000000000000000e+01,7.020000000000000000e+02,4.843304843304842677e+00
4.200000000000000000e+01,1.930000000000000000e+02,2.176165803108808205e+01
7.300000000000000000e+01,3.090000000000000000e+02,2.362459546925566301e+01
2.600000000000000000e+01,2.890000000000000000e+02,8.996539792387544310e+00
4.800000000000000000e+01,1.800000000000000000e+02,2.666666666666666785e+01
8.900000000000000000e+01,5.680000000000000000e+02,1.566901408450704380e+01
5.700000000000000000e+01,1.470000000000000000e+02,3.877551020408163396e+01
4.400000000000000000e+01,7.210000000000000000e+02,6.102635228848821036e+00
2.000000000000000000e+00,9.800000000000000000e+02,2.040816326530612290e-01
4.000000000000000000e+00,9.090000000000000000e+02,4.400440044004400031e-01
4.300000000000000000e+01,8.840000000000000000e+02,4.864253393665158853e+00
9.000000000000000000e+00,3.360000000000000000e+02,2.678571428571428381e+00
3.600000000000000000e+01,2.690000000000000000e+02,1.338289962825278678e+01
8.700000000000000000e+01,5.000000000000000000e+00,1.739999999999999773e+03
4.300000000000000000e+01,3.240000000000000000e+02,1.327160493827160614e+01
6.000000000000000000e+00,5.090000000000000000e+02,1.178781925343811432e+00
1.300000000000000000e+01,7.110000000000000000e+02,1.828410689170182790e+00
3.700000000000000000e+01,4.080000000000000000e+02,9.068627450980391913e+00
4.700000000000000000e+01,5.480000000000000000e+02,8.576642335766424097e+00
2.600000000000000000e+01,5.410000000000000000e+02,4.805914972273567010e+00
8.100000000000000000e+01,3.250000000000000000e+02,2.492307692307692335e+01
4.000000000000000000e+01,6.400000000000000000e+01,6.250000000000000000e+01
5.100000000000000000e+01,2.990000000000000000e+02,1.705685618729096831e+01
7.500000000000000000e+01,3.220000000000000000e+02,2.329192546583850998e+01
6.800000000000000000e+01,3.050000000000000000e+02,2.229508196721311464e+01
4.800000000000000000e+01,7.900000000000000000e+01,6.075949367088608000e+01
4.700000000000000000e+01,8.940000000000000000e+02,5.257270693512304582e+00
2.300000000000000000e+01,7.280000000000000000e+02,3.159340659340659219e+00
7.300000000000000000e+01,2.280000000000000000e+02,3.201754385964912331e+01
5.100000000000000000e+01,2.230000000000000000e+02,2.286995515695067382e+01
3.200000000000000000e+01,9.600000000000000000e+02,3.333333333333333481e+00
9.700000000000000000e+01,3.580000000000000000e+02,2.709497206703910877e+01
5.800000000000000000e+01,4.740000000000000000e+02,1.223628691983122430e+01
8.500000000000000000e+01,6.420000000000000000e+02,1.323987538940809827e+01
9.500000000000000000e+01,9.630000000000000000e+02,9.865005192107997090e+00
5.800000000000000000e+01,1.340000000000000000e+02,4.328358208955223319e+01
4.900000000000000000e+01,9.740000000000000000e+02,5.030800821355236430e+00
7.600000000000000000e+01,8.840000000000000000e+02,8.597285067873302822e+00
7.000000000000000000e+00,6.640000000000000000e+02,1.054216867469879526e+00
1.600000000000000000e+01,7.580000000000000000e+02,2.110817941952506605e+00
9.700000000000000000e+01,7.830000000000000000e+02,1.238825031928480236e+01
9.500000000000000000e+01,1.600000000000000000e+02,5.937500000000000000e+01
7.900000000000000000e+01,4.100000000000000000e+01,1.926829268292682968e+02
8.900000000000000000e+01,4.540000000000000000e+02,1.960352422907488901e+01
1.800000000000000000e+01,4.020000000000000000e+02,4.477611940298507065e+00
6.900000000000000000e+01,7.950000000000000000e+02,8.679245283018866886e+00
5.900000000000000000e+01,7.100000000000000000e+02,8.309859154929577940e+00
5.000000000000000000e+01,4.130000000000000000e+02,1.210653753026634405e+01
8.800000000000000000e+01,4.350000000000000000e+02,2.022988505747126453e+01
2.000000000000000000e+00,2.740000000000000000e+02,7.299270072992700698e-01
3.700000000000000000e+01,3.460000000000000000e+02,1.069364161849711081e+01
4.700000000000000000e+01,1.590000000000000000e+02,2.955974842767295385e+01
3.000000000000000000e+00,3.360000000000000000e+02,8.928571428571427937e-01
5.100000000000000000e+01,7.980000000000000000e+02,6.390977443609021869e+00
3.100000000000000000e+01,9.120000000000000000e+02,3.399122807017544101e+00
3.600000000000000000e+01,7.170000000000000000e+02,5.020920502092049986e+00
5.500000000000000000e+01,6.090000000000000000e+02,9.031198686371100237e+00
7.900000000000000000e+01,8.880000000000000000e+02,8.896396396396395900e+00
9.000000000000000000e+00,7.290000000000000000e+02,1.234567901234567833e+00
3.100000000000000000e+01,3.080000000000000000e+02,1.006493506493506551e+01
9.800000000000000000e+01,6.000000000000000000e+00,1.633333333333333258e+03
2.900000000000000000e+01,9.770000000000000000e+02,2.968270214943705021e+00
9.200000000000000000e+01,8.540000000000000000e+02,1.077283372365339531e+01
4.000000000000000000e+00,9.790000000000000000e+02,4.085801838610827463e-01
7.100000000000000000e+01,3.470000000000000000e+02,2.046109510086455430e+01
6.300000000000000000e+01,8.700000000000000000e+01,7.241379310344827047e+01
6.000000000000000000e+00,4.360000000000000000e+02,1.376146788990825875e+00
4.800000000000000000e+01,6.770000000000000000e+02,7.090103397341211533e+00
8.900000000000000000e+01,3.890000000000000000e+02,2.287917737789203088e+01
3.000000000000000000e+01,3.770000000000000000e+02,7.957559681697611964e+00
6.600000000000000000e+01,9.480000000000000000e+02,6.962025316455696000e+00
7.800000000000000000e+01,6.240000000000000000e+02,1.250000000000000000e+01
8.600000000000000000e+01,3.950000000000000000e+02,2.177215189873417600e+01
9.900000000000000000e+01,1.170000000000000000e+02,8.461538461538461320e+01
5.300000000000000000e+01,7.900000000000000000e+02,6.708860759493670223e+00
5.200000000000000000e+01,2.810000000000000000e+02,1.850533807829181399e+01
3.000000000000000000e+00,8.900000000000000000e+01,3.370786516853932380e+00
8.300000000000000000e+01,1.200000000000000000e+01,6.916666666666667425e+02
6.800000000000000000e+01,3.710000000000000000e+02,1.832884097035040583e+01
1.400000000000000000e+01,7.730000000000000000e+02,1.811125485122897727e+00
3.900000000000000000e+01,3.790000000000000000e+02,1.029023746701846953e+01
2.500000000000000000e+01,4.530000000000000000e+02,5.518763796909492036e+00
9.400000000000000000e+01,1.210000000000000000e+02,7.768595041322313932e+01
8.000000000000000000e+01,2.930000000000000000e+02,2.730375426621160528e+01
2.400000000000000000e+01,1.600000000000000000e+02,1.500000000000000000e+01
5.900000000000000000e+01,7.070000000000000000e+02,8.345120226308344158e+00
5.500000000000000000e+01,8.830000000000000000e+02,6.228765571913930543e+00
4.000000000000000000e+01,4.000000000000000000e+00,1.000000000000000000e+03
6.500000000000000000e+01,7.060000000000000000e+02,9.206798866855523400e+00
9.400000000000000000e+01,8.010000000000000000e+02,1.173533083645443220e+01
2.700000000000000000e+01,5.110000000000000000e+02,5.283757338551859029e+00
3.600000000000000000e+01,6.660000000000000000e+02,5.405405405405405261e+00
4.100000000000000000e+01,1.500000000000000000e+01,2.733333333333333144e+02
3.900000000000000000e+01,6.980000000000000000e+02,5.587392550143266412e+00
9.800000000000000000e+01,1.340000000000000000e+02,7.313432835820896116e+01
8.000000000000000000e+01,5.320000000000000000e+02,1.503759398496240607e+01
4.000000000000000000e+01,3.550000000000000000e+02,1.126760563380281788e+01
6.500000000000000000e+01,1.340000000000000000e+02,4.850746268656716609e+01
4.000000000000000000e+00,6.380000000000000000e+02,6.269592476489027622e-01
4.900000000000000000e+01,8.300000000000000000e+02,5.903614457831324991e+00
9.300000000000000000e+01,5.670000000000000000e+02,1.640211640211640187e+01
1.700000000000000000e+01,2.980000000000000000e+02,5.704697986577181190e+00
6.000000000000000000e+01,6.230000000000000000e+02,9.630818619582665718e+00
2.500000000000000000e+01,7.240000000000000000e+02,3.453038674033149569e+00
2.400000000000000000e+01,4.990000000000000000e+02,4.809619238476954273e+00
3.700000000000000000e+01,6.000000000000000000e+00,6.166666666666667425e+02
1.300000000000000000e+01,8.580000000000000000e+02,1.515151515151515138e+00
9.000000000000000000e+01,4.410000000000000000e+02,2.040816326530612201e+01
5.200000000000000000e+01,5.170000000000000000e+02,1.005802707930367390e+01
8.700000000000000000e+01,2.150000000000000000e+02,4.046511627906976827e+01
2.100000000000000000e+01,8.340000000000000000e+02,2.517985611510791255e+00
2.900000000000000000e+01,2.780000000000000000e+02,1.043165467625899367e+01
3.000000000000000000e+01,4.410000000000000000e+02,6.802721088435374597e+00
7.600000000000000000e+01,4.750000000000000000e+02,1.600000000000000000e+01
7.300000000000000000e+01,5.380000000000000000e+02,1.356877323420074255e+01
5.000000000000000000e+01,4.610000000000000000e+02,1.084598698481561918e+01
4.200000000000000000e+01,2.000000000000000000e+02,2.100000000000000000e+01
7.900000000000000000e+01,3.040000000000000000e+02,2.598684210526315752e+01
8.000000000000000000e+01,3.570000000000000000e+02,2.240896358543417577e+01
6.900000000000000000e+01,4.270000000000000000e+02,1.615925058548009474e+01
7.300000000000000000e+01,4.680000000000000000e+02,1.559829059829059794e+01
5.700000000000000000e+01,3.840000000000000000e+02,1.484375000000000000e+01
6.000000000000000000e+01,2.200000000000000000e+02,2.727272727272726982e+01
4.500000000000000000e+01,8.400000000000000000e+01,5.357142857142856940e+01
4.300000000000000000e+01,7.480000000000000000e+02,5.748663101604278403e+00
8.300000000000000000e+01,4.920000000000000000e+02,1.686991869918699294e+01
5.700000000000000000e+01,7.000000000000000000e+01,8.142857142857143060e+01
2.500000000000000000e+01,2.050000000000000000e+02,1.219512195121951237e+01
4.900000000000000000e+01,6.570000000000000000e+02,7.458143074581430554e+00
5.100000000000000000e+01,1.030000000000000000e+02,4.951456310679611761e+01
7.700000000000000000e+01,7.370000000000000000e+02,1.044776119402984982e+01
7.200000000000000000e+01,6.130000000000000000e+02,1.174551386623164717e+01
7.800000000000000000e+01,5.940000000000000000e+02,1.313131313131313327e+01
4.800000000000000000e+01,4.180000000000000000e+02,1.148325358851674594e+01
9.400000000000000000e+01,8.470000000000000000e+02,1.109799291617473394e+01
8.900000000000000000e+01,9.650000000000000000e+02,9.222797927461140688e+00
7.600000000000000000e+01,6.700000000000000000e+02,1.134328358208955301e+01
8.000000000000000000e+00,6.310000000000000000e+02,1.267828843106180603e+00
4.200000000000000000e+01,9.730000000000000000e+02,4.316546762589927866e+00
9.700000000000000000e+01,1.290000000000000000e+02,7.519379844961240167e+01
2.100000000000000000e+01,4.960000000000000000e+02,4.233870967741935054e+00
1.000000000000000000e+00,7.370000000000000000e+02,1.356852103120759767e-01
6.800000000000000000e+01,2.680000000000000000e+02,2.537313432835820848e+01
6.500000000000000000e+01,8.020000000000000000e+02,8.104738154613466250e+00
4.000000000000000000e+01,1.180000000000000000e+02,3.389830508474575765e+01
2.400000000000000000e+01,5.460000000000000000e+02,4.395604395604395975e+00
6.800000000000000000e+01,6.990000000000000000e+02,9.728183118741059232e+00
7.200000000000000000e+01,3.730000000000000000e+02,1.930294906166219704e+01
7.300000000000000000e+01,5.900000000000000000e+01,1.237288135593220346e+02
8.800000000000000000e+01,2.610000000000000000e+02,3.371647509578544089e+01
1.200000000000000000e+01,2.510000000000000000e+02,4.780876494023904577e+00
9.200000000000000000e+01,4.070000000000000000e+02,2.260442260442260576e+01
8.500000000000000000e+01,9.170000000000000000e+02,9.269356597600872050e+00
5.900000000000000000e+01,5.010000000000000000e+02,1.177644710578842435e+01
7.000000000000000000e+01,5.300000000000000000e+01,1.320754716981132049e+02
5.700000000000000000e+01,5.700000000000000000e+01,1.000000000000000000e+02
1.000000000000000000e+01,8.340000000000000000e+02,1.199040767386091222e+00
4.000000000000000000e+00,2.800000000000000000e+02,1.428571428571428603e+00
9.000000000000000000e+00,7.410000000000000000e+02,1.214574898785425017e+00
5.000000000000000000e+01,9.050000000000000000e+02,5.524861878453038777e+00
1.200000000000000000e+01,3.370000000000000000e+02,3.560830860534124565e+00
1.900000000000000000e+01,9.910000000000000000e+02,1.917255297679111958e+00
3.500000000000000000e+01,3.110000000000000000e+02,1.125401929260450196e+01
3.400000000000000000e+01,6.670000000000000000e+02,5.097451274362818197e+00
4.200000000000000000e+01,9.610000000000000000e+02,4.370447450572320314e+00
5.000000000000000000e+01,2.280000000000000000e+02,2.192982456140350678e+01
4.000000000000000000e+01,9.470000000000000000e+02,4.223864836325237349e+00
1.200000000000000000e+01,9.910000000000000000e+02,1.210898082744702231e+00
5.200000000000000000e+01,6.330000000000000000e+02,8.214849921011058598e+00
6.300000000000000000e+01,4.280000000000000000e+02,1.471962616822429837e+01
4.400000000000000000e+01,4.730000000000000000e+02,9.302325581395349374e+00
5.200000000000000000e+01,7.210000000000000000e+02,7.212205270457697104e+00
3.600000000000000000e+01,8.370000000000000000e+02,4.301075268817204922e+00
2.000000000000000000e+00,7.600000000000000000e+01,2.631578947368420796e+00
3.900000000000000000e+01,7.010000000000000000e+02,5.563480741797432572e+00
5.400000000000000000e+01,8.800000000000000000e+01,6.136363636363636687e+01
6.400000000000000000e+01,9.700000000000000000e+01,6.597938144329896204e+01
2.200000000000000000e+01,9.760000000000000000e+02,2.254098360655737654e+00
9.300000000000000000e+01,7.900000000000000000e+01,1.177215189873417813e+02
1.300000000000000000e+01,1.810000000000000000e+02,7.182320441988950144e+00
3.400000000000000000e+01,2.240000000000000000e+02,1.517857142857142705e+01
6.300000000000000000e+01,1.100000000000000000e+02,5.727272727272727337e+01
7.000000000000000000e+01,3.430000000000000000e+02,2.040816326530612201e+01
9.600000000000000000e+01,4.370000000000000000e+02,2.196796338672768911e+01
3.300000000000000000e+01,8.990000000000000000e+02,3.670745272525027580e+00
1.500000000000000000e+01,9.620000000000000000e+02,1.559251559251559449e+00
9.300000000000000000e+01,3.290000000000000000e+02,2.826747720364741667e+01
6.000000000000000000e+00,5.450000000000000000e+02,1.100917431192660612e+00
5.100000000000000000e+01,4.200000000000000000e+01,1.214285714285714164e+02
4.900000000000000000e+01,6.120000000000000000e+02,8.006535947712418277e+00
5.000000000000000000e+00,3.810000000000000000e+02,1.312335958005249381e+00
1.800000000000000000e+01,6.250000000000000000e+02,2.879999999999999893e+00
6.300000000000000000e+01,1.580000000000000000e+02,3.987341772151899022e+01
8.900000000000000000e+01,2.580000000000000000e+02,3.449612403100775282e+01
9.500000000000000000e+01,6.340000000000000000e+02,1.498422712933754042e+01
4.100000000000000000e+01,6.190000000000000000e+02,6.623586429725363267e+00
8.000000000000000000e+00,9.900000000000000000e+01,8.080808080808081328e+00
8.100000000000000000e+01,7.580000000000000000e+02,1.068601583113456321e+01
9.900000000000000000e+01,4.520000000000000000e+02,2.190265486725663635e+01
2.900000000000000000e+01,7.920000000000000000e+02,3.661616161616161769e+00
4.900000000000000000e+01,7.300000000000000000e+01,6.712328767123287321e+01
7.400000000000000000e+01,4.410000000000000000e+02,1.678004535147392318e+01
1.400000000000000000e+01,3.630000000000000000e+02,3.856749311294765725e+00
8.100000000000000000e+01,3.390000000000000000e+02,2.389380530973451400e+01
3.500000000000000000e+01,6.200000000000000000e+02,5.645161290322580072e+00
2.200000000000000000e+01,1.600000000000000000e+01,1.375000000000000000e+02
8.300000000000000000e+01,2.160000000000000000e+02,3.842592592592592382e+01
1.100000000000000000e+01,2.260000000000000000e+02,4.867256637168141609e+00
4.000000000000000000e+00,2.390000000000000000e+02,1.673640167364016662e+00
9.600000000000000000e+01,9.120000000000000000e+02,1.052631578947368318e+01
3.700000000000000000e+01,9.350000000000000000e+02,3.957219251336898669e+00
4.900000000000000000e+01,2.500000000000000000e+01,1.960000000000000000e+02
7.600000000000000000e+01,3.830000000000000000e+02,1.984334203655352269e+01
7.600000000000000000e+01,7.300000000000000000e+02,1.041095890410958980e+01
4.600000000000000000e+01,6.800000000000000000e+01,6.764705882352942012e+01
1.200000000000000000e+01,1.530000000000000000e+02,7.843137254901960453e+00
3.700000000000000000e+01,9.550000000000000000e+02,3.874345549738220207e+00
4.300000000000000000e+01,3.750000000000000000e+02,1.146666666666666679e+01
2.000000000000000000e+01,4.810000000000000000e+02,4.158004158004158235e+00
5.000000000000000000e+00,8.160000000000000000e+02,6.127450980392157298e-01
8.000000000000000000e+00,5.990000000000000000e+02,1.335559265442403998e+00
2.300000000000000000e+01,1.560000000000000000e+02,1.474358974358974450e+01
7.200000000000000000e+01,9.220000000000000000e+02,7.809110629067244957e+00
1.900000000000000000e+01,1.810000000000000000e+02,1.049723756906077377e+01
6.200000000000000000e+01,5.140000000000000000e+02,1.206225680933852118e+01
3.500000000000000000e+01,4.150000000000000000e+02,8.433734939759036209e+00
4.500000000000000000e+01,8.320000000000000000e+02,5.408653846153846700e+00
5.400000000000000000e+01,8.370000000000000000e+02,6.451612903225806051e+00
2.700000000000000000e+01,4.230000000000000000e+02,6.382978723404255206e+00
4.000000000000000000e+00,1.920000000000000000e+02,2.083333333333333037e+00
8.000000000000000000e+00,7.110000000000000000e+02,1.125175808720112469e+00
5.000000000000000000e+01,3.130000000000000000e+02,1.597444089456868888e+01
4.300000000000000000e+01,3.680000000000000000e+02,1.168478260869565233e+01
3.500000000000000000e+01,6.470000000000000000e+02,5.409582689335393546e+00
9.700000000000000000e+01,6.500000000000000000e+01,1.492307692307692264e+02
4.600000000000000000e+01,4.830000000000000000e+02,9.523809523809523725e+00
5.600000000000000000e+01,3.390000000000000000e+02,1.651917404129793354e+01
3.700000000000000000e+01,1.350000000000000000e+02,2.740740740740740833e+01
1.000000000000000000e+00,9.910000000000000000e+02,1.009081735620585285e-01
2.300000000000000000e+01,4.300000000000000000e+02,5.348837209302325313e+00
1.800000000000000000e+01,6.680000000000000000e+02,2.694610778443113919e+00
1.000000000000000000e+02,4.200000000000000000e+01,2.380952380952381020e+02
5.200000000000000000e+01,8.900000000000000000e+02,5.842696629213483206e+00
5.500000000000000000e+01,8.900000000000000000e+02,6.179775280898875955e+00
9.400000000000000000e+01,4.600000000000000000e+02,2.043478260869565233e+01
6.800000000000000000e+01,2.120000000000000000e+02,3.207547169811320487e+01
2.800000000000000000e+01,4.370000000000000000e+02,6.407322654462242362e+00
9.700000000000000000e+01,8.610000000000000000e+02,1.126596980255516911e+01
9.300000000000000000e+01,7.990000000000000000e+02,1.163954943679599552e+01
6.700000000000000000e+01,1.880000000000000000e+02,3.563829787234042357e+01
1.200000000000000000e+01,4.340000000000000000e+02,2.764976958525345641e+00
8.100000000000000000e+01,1.420000000000000000e+02,5.704225352112676006e+01
9.600000000000000000e+01,6.080000000000000000e+02,1.578947368421052566e+01
5.500000000000000000e+01,3.850000000000000000e+02,1.428571428571428470e+01
1.500000000000000000e+01,6.940000000000000000e+02,2.161383285302593826e+00
9.900000000000000000e+01,3.510000000000000000e+02,2.820512820512820440e+01
8.800000000000000000e+01,1.480000000000000000e+02,5.945945945945945965e+01
3.000000000000000000e+00,5.700000000000000000e+02,5.263157894736841813e-01
8.400000000000000000e+01,2.530000000000000000e+02,3.320158102766798436e+01
7.000000000000000000e+00,9.100000000000000000e+01,7.692307692307692513e+00
5.700000000000000000e+01,4.680000000000000000e+02,1.217948717948717885e+01
3.300000000000000000e+01,9.710000000000000000e+02,3.398558187435633204e+00
1.000000000000000000e+02,5.410000000000000000e+02,1.848428835489833588e+01
2.500000000000000000e+01,2.370000000000000000e+02,1.054852320675105481e+01
8.500000000000000000e+01,2.270000000000000000e+02,3.744493392070484816e+01
7.300000000000000000e+01,1.880000000000000000e+02,3.882978723404254850e+01
1.900000000000000000e+01,3.100000000000000000e+02,6.129032258064516014e+00
5.900000000000000000e+01,8.160000000000000000e+02,7.230392156862746056e+00
3.700000000000000000e+01,7.180000000000000000e+02,5.153203342618384752e+00
5.900000000000000000e+01,3.300000000000000000e+01,1.787878787878787818e+02
4.900000000000000000e+01,1.260000000000000000e+02,3.888888888888889284e+01
6.300000000000000000e+01,4.660000000000000000e+02,1.351931330472103099e+01
1.600000000000000000e+01,8.430000000000000000e+02,1.897983392645314460e+00
6.800000000000000000e+01,4.740000000000000000e+02,1.434599156118143348e+01
2.500000000000000000e+01,6.050000000000000000e+02,4.132231404958678134e+00
6.500000000000000000e+01,4.110000000000000000e+02,1.581508515815085225e+01
8.500000000000000000e+01,3.980000000000000000e+02,2.135678391959799072e+01
5.000000000000000000e+00,3.820000000000000000e+02,1.308900523560209361e+00
1.400000000000000000e+01,5.830000000000000000e+02,2.401372212692967079e+00
7.400000000000000000e+01,4.810000000000000000e+02,1.538461538461538503e+01
7.000000000000000000e+00,9.920000000000000000e+02,7.056451612903225090e-01
2.600000000000000000e+01,9.720000000000000000e+02,2.674897119341563823e+00
3.800000000000000000e+01,7.430000000000000000e+02,5.114401076716015737e+00
6.000000000000000000e+01,8.180000000000000000e+02,7.334963325183374572e+00
3.000000000000000000e+01,6.250000000000000000e+02,4.799999999999999822e+00
5.900000000000000000e+01,6.920000000000000000e+02,8.526011560693641300e+00
3.800000000000000000e+01,6.390000000000000000e+02,5.946791862284819707e+00
4.800000000000000000e+01,8.840000000000000000e+02,5.429864253393665408e+00
4.900000000000000000e+01,7.300000000000000000e+01,6.712328767123287321e+01
5.800000000000000000e+01,5.980000000000000000e+02,9.698996655518394405e+00
1.100000000000000000e+01,4.200000000000000000e+01,2.619047619047619335e+01
8.600000000000000000e+01,3.880000000000000000e+02,2.216494845360824684e+01
3.000000000000000000e+00,7.170000000000000000e+02,4.184100418410041655e-01
3.900000000000000000e+01,5.500000000000000000e+01,7.090909090909090651e+01
8.600000000000000000e+01,8.930000000000000000e+02,9.630459126539753001e+00
6.100000000000000000e+01,1.090000000000000000e+02,5.596330275229357198e+01
2.800000000000000000e+01,5.120000000000000000e+02,5.468750000000000000e+00
9.400000000000000000e+01,5.490000000000000000e+02,1.712204007285974683e+01
1.100000000000000000e+01,1.400000000000000000e+02,7.857142857142856762e+00
2.200000000000000000e+01,5.260000000000000000e+02,4.182509505703421837e+00
7.800000000000000000e+01,9.790000000000000000e+02,7.967313585291114109e+00
8.900000000000000000e+01,4.190000000000000000e+02,2.124105011933174225e+01
9.400000000000000000e+01,4.370000000000000000e+02,2.151029748283752951e+01
2.500000000000000000e+01,3.600000000000000000e+01,6.944444444444444287e+01
4.600000000000000000e+01,2.760000000000000000e+02,1.666666666666666430e+01
5.300000000000000000e+01,9.160000000000000000e+02,5.786026200873362946e+00
2.000000000000000000e+00,3.730000000000000000e+02,5.361930294906166461e-01
1.800000000000000000e+01,3.200000000000000000e+01,5.625000000000000000e+01
1.400000000000000000e+01,8.350000000000000000e+02,1.676646706586826241e+00
4.900000000000000000e+01,1.040000000000000000e+02,4.711538461538461320e+01
1.800000000000000000e+01,4.820000000000000000e+02,3.734439834024896321e+00
1.100000000000000000e+01,3.900000000000000000e+01,2.820512820512820440e+01
9.300000000000000000e+01,2.580000000000000000e+02,3.604651162790697327e+01
5.300000000000000000e+01,4.400000000000000000e+02,1.204545454545454497e+01
5.400000000000000000e+01,3.900000000000000000e+02,1.384615384615384670e+01
2.300000000000000000e+01,2.720000000000000000e+02,8.455882352941177516e+00
9.900000000000000000e+01,1.850000000000000000e+02,5.351351351351350871e+01
2.000000000000000000e+01,5.940000000000000000e+02,3.367003367003366776e+00
9.000000000000000000e+00,5.340000000000000000e+02,1.685393258426966190e+00
5.300000000000000000e+01,4.740000000000000000e+02,1.118143459915611793e+01
3.600000000000000000e+01,5.200000000000000000e+01,6.923076923076922640e+01
5.300000000000000000e+01,4.500000000000000000e+01,1.177777777777777857e+02
6.900000000000000000e+01,5.940000000000000000e+02,1.161616161616161591e+01
1.000000000000000000e+00,1.300000000000000000e+01,7.692307692307692513e+00
9.900000000000000000e+01,4.700000000000000000e+02,2.106382978723404165e+01
3.300000000000000000e+01,5.200000000000000000e+02,6.346153846153845812e+00
1.400000000000000000e+01,2.240000000000000000e+02,6.250000000000000000e+00
6.300000000000000000e+01,5.670000000000000000e+02,1.111111111111111072e+01
9.700000000000000000e+01,9.750000000000000000e+02,9.948717948717948900e+00
1.700000000000000000e+01,4.040000000000000000e+02,4.207920792079208105e+00
4.000000000000000000e+00,4.690000000000000000e+02,8.528784648187632822e-01
2.500000000000000000e+01,5.130000000000000000e+02,4.873294346978557456e+00
7.300000000000000000e+01,9.210000000000000000e+02,7.926167209554830784e+00
7.000000000000000000e+00,8.200000000000000000e+01,8.536585365853659013e+00
7.300000000000000000e+01,1.400000000000000000e+02,5.214285714285714590e+01
9.300000000000000000e+01,7.190000000000000000e+02,1.293463143254520098e+01
2.700000000000000000e+01,8.700000000000000000e+02,3.103448275862068950e+00
9.800000000000000000e+01,1.130000000000000000e+02,8.672566371681415376e+01
6.800000000000000000e+01,6.510000000000000000e+02,1.044546850998463938e+01
1.000000000000000000e+01,9.670000000000000000e+02,1.034126163391933861e+00
2.600000000000000000e+01,3.900000000000000000e+01,6.666666666666665719e+01
6.900000000000000000e+01,7.660000000000000000e+02,9.007832898172324576e+00
2.700000000000000000e+01,2.280000000000000000e+02,1.184210526315789380e+01
3.400000000000000000e+01,7.220000000000000000e+02,4.709141274238227481e+00
1.200000000000000000e+01,3.750000000000000000e+02,3.200000000000000178e+00
9.400000000000000000e+01,9.020000000000000000e+02,1.042128603104212914e+01
2.200000000000000000e+01,6.600000000000000000e+01,3.333333333333332860e+01
1.000000000000000000e+00,5.840000000000000000e+02,1.712328767123287576e-01
9.700000000000000000e+01,5.310000000000000000e+02,1.826741996233521448e+01
2.100000000000000000e+01,9.000000000000000000e+00,2.333333333333333428e+02
8.300000000000000000e+01,4.260000000000000000e+02,1.948356807511737188e+01
9.500000000000000000e+01,6.060000000000000000e+02,1.567656765676567687e+01
4.900000000000000000e+01,1.900000000000000000e+02,2.578947368421052744e+01
5.900000000000000000e+01,5.550000000000000000e+02,1.063063063063063041e+01
9.800000000000000000e+01,7.400000000000000000e+01,1.324324324324324209e+02
4.000000000000000000e+00,5.470000000000000000e+02,7.312614259597806088e-01
8.700000000000000000e+01,9.600000000000000000e+01,9.062500000000000000e+01
4.500000000000000000e+01,9.100000000000000000e+02,4.945054945054945250e+00
6.300000000000000000e+01,4.060000000000000000e+02,1.551724137931034520e+01
8.700000000000000000e+01,2.620000000000000000e+02,3.320610687022900720e+01
3.600000000000000000e+01,1.500000000000000000e+02,2.400000000000000000e+01
8.000000000000000000e+00,4.650000000000000000e+02,1.720430107526881747e+00
2.100000000000000000e+01,8.500000000000000000e+02,2.470588235294117307e+00
6.000000000000000000e+01,3.310000000000000000e+02,1.812688821752265866e+01
4.100000000000000000e+01,8.260000000000000000e+02,4.963680387409200812e+00
6.900000000000000000e+01,7.100000000000000000e+01,9.718309859154929597e+01
3.800000000000000000e+01,1.120000000000000000e+02,3.392857142857143060e+01
9.700000000000000000e+01,4.750000000000000000e+02,2.042105263157894868e+01
3.800000000000000000e+01,6.900000000000000000e+02,5.507246376811593791e+00
8.100000000000000000e+01,7.250000000000000000e+02,1.117241379310344840e+01
1.800000000000000000e+01,9.800000000000000000e+02,1.836734693877551283e+00
7.500000000000000000e+01,7.380000000000000000e+02,1.016260162601625971e+01
7.200000000000000000e+01,7.890000000000000000e+02,9.125475285171102513e+00
6.500000000000000000e+01,2.100000000000000000e+02,3.095238095238095255e+01
3.800000000000000000e+01,1.420000000000000000e+02,2.676056338028168824e+01
6.400000000000000000e+01,3.740000000000000000e+02,1.711229946524063905e+01
7.200000000000000000e+01,7.180000000000000000e+02,1.002785515320334220e+01
3.900000000000000000e+01,7.640000000000000000e+02,5.104712041884816642e+00
4.500000000000000000e+01,7.060000000000000000e+02,6.373937677053824302e+00
6.400000000000000000e+01,2.040000000000000000e+02,3.137254901960784181e+01
4.000000000000000000e+00,7.330000000000000000e+02,5.457025920873124214e-01
1.300000000000000000e+01,7.960000000000000000e+02,1.633165829145728720e+00
2.000000000000000000e+00,6.520000000000000000e+02,3.067484662576687171e-01
3.700000000000000000e+01,5.610000000000000000e+02,6.595365418894830079e+00
5.000000000000000000e+01,5.570000000000000000e+02,8.976660682226212273e+00
8.700000000000000000e+01,4.650000000000000000e+02,1.870967741935483986e+01
1.600000000000000000e+01,3.530000000000000000e+02,4.532577903682719622e+00
4.000000000000000000e+00,9.750000000000000000e+02,4.102564102564102422e-01
3.100000000000000000e+01,3.090000000000000000e+02,1.003236245954692585e+01
9.800000000000000000e+01,3.660000000000000000e+02,2.677595628415300766e+01
7.100000000000000000e+01,4.940000000000000000e+02,1.437246963562752988e+01
8.800000000000000000e+01,5.460000000000000000e+02,1.611721611721611680e+01
5.200000000000000000e+01,9.260000000000000000e+02,5.615550755939525018e+00
6.100000000000000000e+01,4.040000000000000000e+02,1.509900990099009910e+01
3.100000000000000000e+01,8.170000000000000000e+02,3.794369645042839689e+00
1.600000000000000000e+01,2.320000000000000000e+02,6.896551724137930606e+00
2.600000000000000000e+01,3.950000000000000000e+02,6.582278481012658666e+00
8.500000000000000000e+01,9.370000000000000000e+02,9.071504802561365821e+00
4.600000000000000000e+01,8.310000000000000000e+02,5.535499398315282704e+00
6.700000000000000000e+01,2.610000000000000000e+02,2.567049808429118940e+01
8.100000000000000000e+01,6.910000000000000000e+02,1.172214182344428401e+01
5.200000000000000000e+01,2.950000000000000000e+02,1.762711864406779583e+01
2.400000000000000000e+01,7.500000000000000000e+01,3.200000000000000000e+01
9.100000000000000000e+01,4.450000000000000000e+02,2.044943820224719033e+01
8.900000000000000000e+01,8.350000000000000000e+02,1.065868263473053901e+01
8.000000000000000000e+00,2.500000000000000000e+01,3.200000000000000000e+01
8.800000000000000000e+01,9.610000000000000000e+02,9.157127991675338308e+00
2.800000000000000000e+01,4.560000000000000000e+02,6.140350877192982004e+00
3.100000000000000000e+01,2.050000000000000000e+02,1.512195121951219434e+01
1.700000000000000000e+01,5.080000000000000000e+02,3.346456692913386100e+00
7.600000000000000000e+01,5.770000000000000000e+02,1.317157712305025896e+01
3.200000000000000000e+01,6.940000000000000000e+02,4.610951008645533200e+00
9.400000000000000000e+01,4.200000000000000000e+02,2.238095238095238315e+01
3.000000000000000000e+01,9.880000000000000000e+02,3.036437246963562764e+00
9.300000000000000000e+01,2.920000000000000000e+02,3.184931506849315141e+01
2.300000000000000000e+01,4.500000000000000000e+01,5.111111111111110716e+01
1.400000000000000000e+01,2.810000000000000000e+02,4.982206405693950124e+00
5.000000000000000000e+01,1.900000000000000000e+01,2.631578947368421382e+02
2.900000000000000000e+01,9.800000000000000000e+02,2.959183673469387710e+00
4.400000000000000000e+01,4.820000000000000000e+02,9.128630705394190414e+00
4.800000000000000000e+01,6.470000000000000000e+02,7.418856259659968977e+00
8.600000000000000000e+01,3.870000000000000000e+02,2.222222222222222143e+01
7.100000000000000000e+01,7.080000000000000000e+02,1.002824858757062287e+01
3.400000000000000000e+01,4.550000000000000000e+02,7.472527472527472625e+00
2.400000000000000000e+01,2.240000000000000000e+02,1.071428571428571352e+01
7.100000000000000000e+01,3.850000000000000000e+02,1.844155844155844193e+01
5.200000000000000000e+01,7.540000000000000000e+02,6.896551724137930606e+00
3.500000000000000000e+01,3.000000000000000000e+01,1.166666666666666714e+02
6.800000000000000000e+01,5.710000000000000000e+02,1.190893169877408120e+01
6.000000000000000000e+00,8.240000000000000000e+02,7.281553398058252524e-01
8.800000000000000000e+01,4.810000000000000000e+02,1.829521829521829801e+01
7.000000000000000000e+01,8.640000000000000000e+02,8.101851851851851194e+00
9.500000000000000000e+01,4.400000000000000000e+01,2.159090909090909065e+02
6.900000000000000000e+01,9.000000000000000000e+02,7.666666666666666075e+00
7.300000000000000000e+01,4.540000000000000000e+02,1.607929515418502220e+01
5.000000000000000000e+00,2.760000000000000000e+02,1.811594202898550776e+00
2.900000000000000000e+01,1.380000000000000000e+02,2.101449275362318758e+01
9.600000000000000000e+01,9.450000000000000000e+02,1.015873015873015817e+01
5.900000000000000000e+01,6.150000000000000000e+02,9.593495934959349825e+00
4.500000000000000000e+01,7.640000000000000000e+02,5.890052356020942348e+00
9.200000000000000000e+01,3.130000000000000000e+02,2.939297124600638966e+01
9.000000000000000000e+00,6.590000000000000000e+02,1.365705614567526593e+00
1.300000000000000000e+01,3.990000000000000000e+02,3.258145363408520900e+00
4.900000000000000000e+01,5.440000000000000000e+02,9.007352941176471006e+00
8.900000000000000000e+01,2.990000000000000000e+02,2.976588628762542044e+01
3.300000000000000000e+01,1.380000000000000000e+02,2.391304347826087096e+01
7.900000000000000000e+01,2.910000000000000000e+02,2.714776632302405446e+01
2.000000000000000000e+00,5.400000000000000000e+02,3.703703703703704053e-01
5.800000000000000000e+01,1.120000000000000000e+02,5.178571428571429180e+01
7.000000000000000000e+01,7.760000000000000000e+02,9.020618556701030855e+00
3.100000000000000000e+01,6.390000000000000000e+02,4.851330203442879352e+00
8.100000000000000000e+01,4.990000000000000000e+02,1.623246492985972012e+01
8.000000000000000000e+01,9.900000000000000000e+01,8.080808080808080263e+01
2.400000000000000000e+01,7.370000000000000000e+02,3.256445047489823441e+00
6.000000000000000000e+01,7.040000000000000000e+02,8.522727272727271597e+00
7.600000000000000000e+01,2.680000000000000000e+02,2.835820895522387985e+01
7.000000000000000000e+01,4.300000000000000000e+01,1.627906976744185954e+02
6.100000000000000000e+01,9.380000000000000000e+02,6.503198294243070166e+00
4.000000000000000000e+01,4.060000000000000000e+02,9.852216748768473309e+00
9.000000000000000000e+01,2.350000000000000000e+02,3.829787234042553479e+01
9.000000000000000000e+01,1.490000000000000000e+02,6.040268456375839179e+01
2.800000000000000000e+01,7.610000000000000000e+02,3.679369250985545126e+00
7.800000000000000000e+01,9.000000000000000000e+01,8.666666666666667140e+01
8.400000000000000000e+01,9.760000000000000000e+02,8.606557377049179891e+00
3.400000000000000000e+01,7.580000000000000000e+02,4.485488126649076257e+00
2.700000000000000000e+01,9.340000000000000000e+02,2.890792291220556809e+00
4.000000000000000000e+00,6.340000000000000000e+02,6.309148264984226762e-01
5.900000000000000000e+01,8.910000000000000000e+02,6.621773288439955607e+00
4.700000000000000000e+01,9.910000000000000000e+02,4.742684157416751312e+00
5.300000000000000000e+01,7.060000000000000000e+02,7.507082152974504652e+00
7.900000000000000000e+01,5.820000000000000000e+02,1.357388316151202723e+01
5.100000000000000000e+01,1.170000000000000000e+02,4.358974358974359120e+01
5.300000000000000000e+01,8.000000000000000000e+02,6.625000000000000000e+00
4.400000000000000000e+01,2.370000000000000000e+02,1.856540084388185718e+01
4.200000000000000000e+01,1.870000000000000000e+02,2.245989304812834320e+01
6.400000000000000000e+01,6.990000000000000000e+02,9.155937052932760167e+00
6.600000000000000000e+01,9.680000000000000000e+02,6.818181818181817455e+00
6.000000000000000000e+00,7.750000000000000000e+02,7.741935483870967527e-01
2.500000000000000000e+01,1.400000000000000000e+01,1.785714285714285836e+02
3.400000000000000000e+01,6.060000000000000000e+02,5.610561056105610511e+00
1.900000000000000000e+01,6.200000000000000000e+01,3.064516129032258007e+01
9.200000000000000000e+01,4.360000000000000000e+02,2.110091743119266283e+01
4.100000000000000000e+01,4.200000000000000000e+02,9.761904761904762751e+00
1.000000000000000000e+02,2.400000000000000000e+01,4.166666666666666856e+02
6.500000000000000000e+01,4.160000000000000000e+02,1.562500000000000000e+01
6.900000000000000000e+01,6.910000000000000000e+02,9.985528219971056885e+00
7.600000000000000000e+01,6.070000000000000000e+02,1.252059308072487553e+01
9.400000000000000000e+01,3.540000000000000000e+02,2.655367231638417991e+01
8.400000000000000000e+01,4.120000000000000000e+02,2.038834951456310662e+01
7.700000000000000000e+01,3.600000000000000000e+02,2.138888888888888928e+01
3.900000000000000000e+01,4.810000000000000000e+02,8.108108108108108780e+00
6.000000000000000000e+00,7.040000000000000000e+02,8.522727272727271819e-01
6.000000000000000000e+00,4.310000000000000000e+02,1.392111368909512592e+00
5.800000000000000000e+01,6.620000000000000000e+02,8.761329305135951984e+00
7.100000000000000000e+01,1.010000000000000000e+02,7.029702970297029196e+01
5.600000000000000000e+01,2.240000000000000000e+02,2.500000000000000000e+01
8.700000000000000000e+01,9.040000000000000000e+02,9.623893805309734262e+00
9.000000000000000000e+01,1.790000000000000000e+02,5.027932960893855352e+01
2.000000000000000000e+01,4.040000000000000000e+02,4.950495049504950451e+00
1.900000000000000000e+01,2.100000000000000000e+01,9.047619047619048160e+01
6.800000000000000000e+01,2.120000000000000000e+02,3.207547169811320487e+01
6.100000000000000000e+01,8.660000000000000000e+02,7.043879907621247938e+00
2.900000000000000000e+01,2.880000000000000000e+02,1.006944444444444464e+01
3.000000000000000000e+00,8.060000000000000000e+02,3.722084367245657721e-01
5.100000000000000000e+01,8.900000000000000000e+02,5.730337078651684735e+00
4.700000000000000000e+01,8.690000000000000000e+02,5.408515535097813576e+00
8.600000000000000000e+01,9.570000000000000000e+02,8.986415882967607516e+00
8.700000000000000000e+01,9.060000000000000000e+02,9.602649006622517192e+00
4.600000000000000000e+01,6.790000000000000000e+02,6.774668630338733344e+00
